{
    "Linear Regression": {
        "train_rmse": 0.1937907445120517,
        "test_rmse": 0.19774792037238803,
        "train_mae": 0.1390895307859086,
        "test_mae": 0.13954165353790562,
        "train_r2": 0.8882671876197537,
        "test_r2": 0.8830926821165411
    },
    "Random Forest": {
        "train_rmse": 0.11771606805223474,
        "test_rmse": 0.1589740164087905,
        "train_mae": 0.06753536796363559,
        "test_mae": 0.09225942978760072,
        "train_r2": 0.9587725795195582,
        "test_r2": 0.9244437942846567
    },
    "XGBoost": {
        "train_rmse": 0.1487463033697418,
        "test_rmse": 0.1547951678663096,
        "train_mae": 0.08824597282546708,
        "test_mae": 0.0921622190919152,
        "train_r2": 0.9341725501480302,
        "test_r2": 0.9283637825478137
    },
    "SVR": {
        "train_rmse": 0.16194631965670722,
        "test_rmse": 0.17313656118134627,
        "train_mae": 0.11359303484676685,
        "test_mae": 0.12195724184245636,
        "train_r2": 0.9219708576288868,
        "test_r2": 0.9103819640378855
    },
    "KNN": {
        "train_rmse": 0.1834271355322947,
        "test_rmse": 0.22646927057388172,
        "train_mae": 0.12599098337583828,
        "test_mae": 0.15812326909953797,
        "train_r2": 0.8998982117458907,
        "test_r2": 0.8466667257217151
    }
}