{
    "rmse": 0.158784684600673,
    "mae": 0.0952015413511775,
    "r2": 0.9268999783251904
}